signal_window,10,20,60
10,7.799411540814863,5.209582428337727,3.817838703216305
20,,,3.188150029845203
40,,,3.7919193009267262
80,,,1.825021030883705
