signal_window,10,20,60
10,7.799411540814864,5.20958242833773,3.8178387032163053
20,,,3.188150029845203
40,,,3.7919193009267262
80,,,1.825021030883705
